Provinsi,Tahun,Varietas_Padi,Pola_Tanam,Luas_Tanam_Ha,Luas_Panen_Ha,Curah_Hujan_mm,Kelembapan_Persen,Suhu_RataRata_C,Penggunaan_Pupuk_Ton,Irigasi_Persen,Produktivitas_Ton_per_Ha,Serangan_Hama,Produksi_Padi_Ton
Aceh,2010,IR64,Padi-Palawija-Bero,218543.05,212771.96,2829.98,81.97,24.78,50526.91,43.19,6.17,None,1311832.81
Aceh,2011,Ciherang,Padi-Palawija-Bero,59263.02,57845.94,3081.11,74.25,24.91,14026.43,56.73,5.31,Berat,307271.34
Aceh,2012,Mekongga,Padi-Padi-Bero,325333.8,282433.4,1730.36,77.33,26.28,116155.62,50.98,5.29,None,1492826.06
Aceh,2013,Mekongga,Padi-Palawija-Bero,323395.18,282054.97,1162.63,88.98,28.83,116965.4,56.75,4.24,None,1197092.16
Aceh,2014,Ciherang,Padi-Palawija-Bero,324498.5,310971.89,1433.41,77.82,24.91,113922.43,63.38,4.52,None,1405547.57
Aceh,2015,Ciherang,Padi-Padi-Bero,429028.15,389758.36,1987.88,88.53,27.64,113824.67,71.37,5.3,None,2066532.21
Aceh,2016,IR64,Padi-Padi-Bero,172107.06,164833.11,1891.88,75.62,26.71,39272.22,84.12,4.19,None,690053.48
Aceh,2017,Mekongga,Padi-Padi-Bero,139422.06,118608.84,3038.65,84.14,27.65,49390.83,44.07,4.9,Ringan,580728.35
Aceh,2018,Ciherang,Padi-Palawija-Bero,330484.16,295127.89,1158.9,76.22,25.63,114321.49,75.07,6.22,None,1835114.59
Aceh,2019,Mekongga,Padi-Palawija-Bero,370960.15,352004.85,2403.19,85.42,26.47,112974.64,63.51,4.06,Ringan,1430388.55
Aceh,2020,Mekongga,Padi-Padi-Palawija,263916.6,243654.62,2738.79,72.79,27.02,81277.93,51.17,6.36,None,1548945.06
Aceh,2021,Mekongga,Padi-Padi-Bero,446210.53,415496.08,1739.08,72.11,26.28,108736.19,62.91,6.21,Sedang,2579483.06
Aceh,2022,Ciherang,Padi-Padi-Bero,193101.56,166898.99,1569.84,78.54,28.09,71862.0,40.38,5.28,Berat,880703.96
Aceh,2023,Inpari 32,Padi-Palawija-Bero,103939.42,92910.4,3357.27,76.46,26.59,35402.16,60.0,6.43,None,597363.26
Aceh,2024,Mekongga,Padi-Padi-Palawija,273761.83,243405.52,1712.1,70.74,27.05,82275.23,42.83,4.7,None,1143182.31
Sumatera Utara,2010,IR64,Padi-Padi-Palawija,115202.69,105252.5,3464.13,74.84,27.36,40588.66,53.07,5.82,Sedang,612626.5
Sumatera Utara,2011,Mekongga,Padi-Padi-Palawija,335088.37,308164.26,1225.72,86.71,25.6,79517.71,42.24,5.48,None,1687887.24
Sumatera Utara,2012,Ciherang,Padi-Padi-Palawija,280441.88,246633.05,2612.93,73.49,27.45,77779.73,91.52,4.34,Sedang,1071325.23
Sumatera Utara,2013,IR64,Padi-Padi-Bero,466112.13,449357.32,1644.85,83.2,28.09,144979.59,69.13,4.6,Ringan,2069124.5
Sumatera Utara,2014,Mekongga,Padi-Padi-Bero,455188.13,424373.34,1847.57,76.98,27.63,172708.41,88.79,5.95,None,2524889.34
Sumatera Utara,2015,Inpari 32,Padi-Palawija-Bero,122732.92,118659.67,2516.07,70.18,24.51,40833.29,40.28,4.4,None,522342.24
Sumatera Utara,2016,Ciherang,Padi-Palawija-Bero,343382.57,301886.5,2780.45,74.74,25.63,119942.94,75.73,6.12,None,1848468.73
Sumatera Utara,2017,IR64,Padi-Palawija-Bero,215472.11,190579.98,1609.97,89.46,25.97,81536.65,74.71,5.99,None,1141007.71
Sumatera Utara,2018,Ciherang,Padi-Padi-Palawija,271632.96,237782.49,2806.13,75.62,24.12,89392.9,49.74,6.35,None,1510191.44
Sumatera Utara,2019,Mekongga,Padi-Padi-Bero,216571.42,184520.87,3320.8,78.56,28.83,85052.79,86.92,4.74,Sedang,873913.41
Sumatera Utara,2020,Inpari 32,Padi-Palawija-Bero,192614.9,167966.75,2392.0,88.72,27.48,60483.44,45.34,5.54,None,930118.94
Sumatera Utara,2021,Ciherang,Padi-Padi-Bero,283248.34,273067.97,2851.92,83.94,27.51,77014.72,56.15,6.02,None,1644798.42
Sumatera Utara,2022,Inpari 32,Padi-Padi-Palawija,86717.38,73768.22,2569.74,73.89,24.35,24225.09,42.79,6.22,Ringan,458583.33
Sumatera Utara,2023,Mekongga,Padi-Padi-Palawija,247313.36,231822.49,1820.38,73.1,28.91,90958.56,87.32,4.63,Ringan,1072324.68
Sumatera Utara,2024,Mekongga,Padi-Palawija-Bero,291687.09,260320.42,3069.67,75.43,28.83,85013.09,86.31,4.49,Berat,1167784.42
Sumatera Barat,2010,Inpari 32,Padi-Padi-Bero,112258.89,97357.3,3423.84,84.29,24.21,31406.02,63.84,5.86,Ringan,570524.15
Sumatera Barat,2011,Ciherang,Padi-Padi-Bero,86392.83,78244.34,2721.25,71.16,28.58,24921.78,53.19,4.23,Ringan,331339.99
Sumatera Barat,2012,Ciherang,Padi-Padi-Palawija,337221.77,309289.86,2642.78,78.71,27.65,70662.54,71.13,4.4,Ringan,1359828.79
Sumatera Barat,2013,Inpari 32,Padi-Padi-Palawija,91309.58,78730.81,1778.53,89.59,24.88,18575.31,81.99,6.02,Sedang,473745.52
Sumatera Barat,2014,Ciherang,Padi-Palawija-Bero,342398.16,293177.62,3372.86,87.73,25.3,69527.68,91.34,5.25,None,1539944.69
Sumatera Barat,2015,IR64,Padi-Palawija-Bero,474913.22,457215.99,2591.01,86.02,27.39,149442.56,47.07,6.03,None,2756102.74
Sumatera Barat,2016,Inpari 32,Padi-Padi-Bero,419192.08,391815.91,1516.71,75.48,25.07,115467.22,42.14,5.55,Sedang,2172867.92
Sumatera Barat,2017,Ciherang,Padi-Padi-Bero,430193.89,366966.29,3036.17,75.64,24.59,145985.19,74.59,6.19,None,2272871.81
Sumatera Barat,2018,Inpari 32,Padi-Padi-Bero,176915.56,154459.16,2876.54,86.14,28.95,49982.81,60.46,5.94,Sedang,917646.87
Sumatera Barat,2019,Mekongga,Padi-Padi-Bero,157368.59,147671.51,2849.77,74.76,25.89,48290.99,67.31,4.97,Ringan,734524.75
Sumatera Barat,2020,Ciherang,Padi-Palawija-Bero,74068.38,72187.82,3117.86,77.1,28.78,24839.13,66.54,5.23,Ringan,377727.38
Sumatera Barat,2021,Inpari 32,Padi-Padi-Bero,321098.42,296046.77,1531.82,88.92,27.91,71506.34,91.2,6.44,None,1905244.65
Sumatera Barat,2022,IR64,Padi-Padi-Palawija,381666.0,351502.57,2764.58,89.37,27.44,140221.33,87.68,6.1,Berat,2142830.66
Sumatera Barat,2023,Mekongga,Padi-Padi-Bero,228493.22,220712.25,1366.51,80.27,25.17,72263.51,87.47,6.2,Ringan,1368614.57
Sumatera Barat,2024,Ciherang,Padi-Padi-Bero,316349.93,283300.34,2770.45,79.63,25.89,107880.66,53.68,4.83,Berat,1367102.99
Riau,2010,IR64,Padi-Padi-Bero,232340.94,214750.75,2852.43,85.34,28.11,81050.35,77.46,4.59,Berat,986514.75
Riau,2011,IR64,Padi-Padi-Bero,87301.09,80202.48,2090.84,86.04,28.89,27168.19,57.75,4.11,None,329512.04
Riau,2012,Mekongga,Padi-Padi-Bero,163845.58,154080.94,1188.59,73.32,25.08,42419.42,94.77,5.74,Sedang,884780.95
Riau,2013,IR64,Padi-Padi-Palawija,461864.45,450147.56,1144.66,77.89,24.53,123378.78,49.33,5.62,Sedang,2528533.26
Riau,2014,Ciherang,Padi-Padi-Palawija,169672.07,152169.52,1649.87,79.06,24.16,43428.02,62.62,5.51,Ringan,837990.66
Riau,2015,IR64,Padi-Padi-Bero,84290.17,81952.73,2041.6,81.62,28.6,18253.01,88.22,5.38,Ringan,440821.26
Riau,2016,Ciherang,Padi-Palawija-Bero,399921.03,364907.19,3463.22,77.53,27.75,111417.15,85.6,5.42,Ringan,1978783.54
Riau,2017,Inpari 32,Padi-Padi-Palawija,110233.45,93894.36,1188.4,83.83,26.67,38579.74,90.22,5.46,None,512933.04
Riau,2018,Mekongga,Padi-Palawija-Bero,220032.75,193923.89,1512.61,75.03,25.37,53125.92,88.3,5.89,Ringan,1142696.09
Riau,2019,IR64,Padi-Palawija-Bero,352207.94,323200.09,2930.8,80.4,28.26,109318.78,70.85,6.19,Berat,2001136.68
Riau,2020,Inpari 32,Padi-Palawija-Bero,62952.2,59689.26,2550.77,84.08,25.06,14307.42,40.8,4.88,None,291072.8
Riau,2021,IR64,Padi-Padi-Palawija,246863.71,238850.67,1870.64,80.28,27.92,68951.15,74.21,6.16,None,1470343.08
Riau,2022,Mekongga,Padi-Palawija-Bero,466964.43,426793.87,1645.61,79.18,28.9,139399.91,58.08,5.58,Ringan,2383004.49
Riau,2023,Ciherang,Padi-Padi-Palawija,107995.87,93594.19,1379.76,72.78,27.2,25527.63,59.01,6.24,None,584212.21
Riau,2024,Inpari 32,Padi-Padi-Palawija,320870.93,282077.75,3054.48,76.9,25.74,66215.23,70.18,5.34,Sedang,1505183.47
Jambi,2010,Ciherang,Padi-Padi-Palawija,107936.78,96378.15,1803.96,71.85,26.41,36434.81,68.14,4.39,Sedang,423335.63
Jambi,2011,Inpari 32,Padi-Padi-Bero,440735.5,379467.63,2493.2,89.73,26.68,169598.7,52.99,5.9,None,2238816.7
Jambi,2012,Mekongga,Padi-Palawija-Bero,78053.61,67844.68,1332.79,83.74,28.22,27312.77,41.68,6.17,Sedang,418468.5
Jambi,2013,Ciherang,Padi-Padi-Palawija,97191.12,91929.46,1455.71,81.28,28.2,21172.2,69.44,4.58,Sedang,421316.48
Jambi,2014,Inpari 32,Padi-Padi-Palawija,405127.06,370609.21,1217.3,80.74,26.93,141424.95,63.74,4.32,Ringan,1600642.94
Jambi,2015,Inpari 32,Padi-Palawija-Bero,323399.85,285162.96,2245.62,76.61,28.67,65167.29,52.39,4.91,None,1401117.44
Jambi,2016,IR64,Padi-Palawija-Bero,89549.43,85498.43,1139.13,86.85,24.26,18236.61,78.33,6.49,None,555153.19
Jambi,2017,IR64,Padi-Padi-Bero,439478.21,420237.57,1644.76,73.42,27.34,169583.74,70.62,5.43,Ringan,2281483.12
Jambi,2018,Mekongga,Padi-Palawija-Bero,134169.69,119689.87,2063.59,80.15,25.21,29915.46,73.58,4.72,None,565124.85
Jambi,2019,Ciherang,Padi-Palawija-Bero,266513.05,244988.55,1129.56,76.73,24.67,56680.66,94.45,4.81,None,1177386.72
Jambi,2020,Inpari 32,Padi-Padi-Bero,356676.23,338424.97,2489.1,79.43,26.06,96221.85,91.12,6.08,None,2056455.74
Jambi,2021,Inpari 32,Padi-Padi-Palawija,378890.36,368275.47,1453.08,71.33,27.71,119310.54,86.3,4.35,None,1601788.72
Jambi,2022,IR64,Padi-Padi-Palawija,421309.7,368322.7,1589.23,82.68,28.54,110905.28,72.36,5.71,None,2102185.29
Jambi,2023,IR64,Padi-Palawija-Bero,454850.35,423526.26,2349.45,78.77,26.89,123297.42,61.53,5.33,Ringan,2257244.08
Jambi,2024,Mekongga,Padi-Padi-Bero,294282.19,266648.7,1832.04,84.61,27.47,68669.62,88.32,5.24,None,1396854.95
Sumatera Selatan,2010,Inpari 32,Padi-Padi-Bero,118253.7,105307.74,1621.22,84.88,24.17,37129.05,81.94,6.19,Sedang,652056.47
Sumatera Selatan,2011,Mekongga,Padi-Palawija-Bero,99784.28,95796.78,1318.72,77.95,27.99,22948.74,52.61,5.81,None,556160.81
Sumatera Selatan,2012,Inpari 32,Padi-Palawija-Bero,362276.8,333495.42,1629.5,76.91,24.91,138277.47,72.09,5.0,None,1668186.97
Sumatera Selatan,2013,IR64,Padi-Padi-Bero,119008.13,110226.51,2264.72,82.23,24.09,44559.59,91.27,5.41,None,596637.67
Sumatera Selatan,2014,Inpari 32,Padi-Padi-Bero,368257.39,320321.35,2440.72,82.13,26.12,127891.68,91.39,6.31,None,2022483.79
Sumatera Selatan,2015,Ciherang,Padi-Padi-Palawija,493178.54,472986.21,1311.66,88.42,28.35,149811.67,72.52,5.0,Ringan,2363751.77
Sumatera Selatan,2016,Ciherang,Padi-Palawija-Bero,411284.05,349839.1,1833.75,77.96,26.69,157921.2,59.05,4.87,None,1702800.91
Sumatera Selatan,2017,Inpari 32,Padi-Padi-Palawija,64781.0,62750.6,1620.57,81.55,24.83,13395.15,57.13,5.95,Ringan,373443.83
Sumatera Selatan,2018,Ciherang,Padi-Padi-Palawija,348591.82,304371.09,3402.68,72.97,26.07,75668.8,94.83,5.26,None,1599618.46
Sumatera Selatan,2019,Inpari 32,Padi-Palawija-Bero,387482.21,339933.39,3245.14,74.1,24.95,80328.91,65.96,5.41,Ringan,1839754.46
Sumatera Selatan,2020,IR64,Padi-Padi-Palawija,253979.98,233196.98,2101.91,78.02,26.8,58681.58,50.01,6.15,None,1435202.44
Sumatera Selatan,2021,IR64,Padi-Palawija-Bero,171835.1,160445.86,2021.84,70.51,24.78,58972.85,76.24,4.07,Ringan,652652.05
Sumatera Selatan,2022,Inpari 32,Padi-Padi-Palawija,352351.73,300401.83,1260.27,86.0,24.89,116469.59,53.1,4.25,Ringan,1276288.26
Sumatera Selatan,2023,Mekongga,Padi-Padi-Bero,423598.94,381931.15,2670.21,74.1,25.47,160657.17,40.72,4.21,Ringan,1609370.51
Sumatera Selatan,2024,IR64,Padi-Padi-Bero,444399.83,414882.94,2759.87,88.21,27.12,118731.71,85.38,4.91,Ringan,2036099.45
Bengkulu,2010,Mekongga,Padi-Padi-Palawija,205336.47,195192.53,1906.89,87.22,25.1,81089.31,82.89,4.29,None,836516.11
Bengkulu,2011,Inpari 32,Padi-Padi-Palawija,261979.45,228884.62,2211.95,80.25,27.71,89012.54,62.14,4.55,None,1040293.81
Bengkulu,2012,Ciherang,Padi-Padi-Palawija,286560.58,249972.04,1680.77,70.37,28.57,64060.68,71.71,4.69,None,1171153.52
Bengkulu,2013,Mekongga,Padi-Padi-Palawija,423383.81,371237.65,1027.49,72.74,28.5,158674.94,72.86,5.5,None,2042286.74
Bengkulu,2014,Inpari 32,Padi-Padi-Bero,461485.38,417385.91,1957.85,80.38,24.23,107644.54,80.59,4.21,None,1755941.14
Bengkulu,2015,Ciherang,Padi-Padi-Bero,225183.03,199856.73,1889.18,84.38,25.49,70545.55,66.18,5.66,None,1131024.81
Bengkulu,2016,Ciherang,Padi-Padi-Bero,171460.05,157774.03,1405.03,86.83,28.23,67048.98,48.51,5.56,None,876960.36
Bengkulu,2017,Inpari 32,Padi-Padi-Palawija,208193.07,188136.41,2762.31,81.97,26.3,44800.38,44.28,4.01,None,753645.95
Bengkulu,2018,Mekongga,Padi-Palawija-Bero,96392.19,85875.56,3018.58,89.24,27.95,32591.36,68.67,4.22,None,362116.9
Bengkulu,2019,Mekongga,Padi-Padi-Palawija,412952.52,386375.65,2730.69,86.98,25.25,123012.36,52.17,6.47,None,2499529.78
Bengkulu,2020,Mekongga,Padi-Palawija-Bero,314718.69,308397.87,2389.52,79.46,25.56,70529.88,80.21,4.48,Ringan,1382084.29
Bengkulu,2021,Ciherang,Padi-Padi-Palawija,407903.83,386227.16,1137.21,79.1,26.61,134163.37,75.76,4.91,None,1897048.6
Bengkulu,2022,Ciherang,Padi-Padi-Bero,448249.26,411911.7,2102.58,78.09,26.86,161726.27,69.61,5.65,None,2329005.54
Bengkulu,2023,Mekongga,Padi-Padi-Palawija,327138.43,287974.97,1061.0,87.4,24.11,122657.39,69.09,6.35,None,1827969.86
Bengkulu,2024,Mekongga,Padi-Padi-Bero,207820.32,197374.12,2004.83,79.6,27.14,77877.63,94.12,5.92,Berat,1168589.7
Lampung,2010,Mekongga,Padi-Padi-Bero,379522.31,322759.07,2168.28,75.94,28.26,130218.15,72.4,4.69,None,1514761.28
Lampung,2011,IR64,Padi-Palawija-Bero,99260.42,89424.89,1311.09,89.13,27.99,24993.43,72.37,6.46,None,577311.59
Lampung,2012,Mekongga,Padi-Padi-Palawija,456675.79,446900.2,2858.38,71.3,26.01,167858.1,52.68,6.08,Ringan,2715636.57
Lampung,2013,Ciherang,Padi-Padi-Bero,222840.78,190478.76,3393.18,86.52,28.0,72636.2,51.9,5.3,None,1008709.01
Lampung,2014,IR64,Padi-Padi-Palawija,167105.02,153232.33,2227.97,89.93,28.49,48907.65,74.26,5.87,Ringan,899424.59
Lampung,2015,Ciherang,Padi-Padi-Bero,437057.07,397488.62,1977.92,75.46,26.38,91290.44,86.87,4.09,Sedang,1625154.44
Lampung,2016,IR64,Padi-Padi-Bero,380845.69,337650.49,1631.62,70.1,27.48,79884.94,69.29,6.41,Ringan,2162754.35
Lampung,2017,Ciherang,Padi-Padi-Palawija,496163.9,425707.24,3207.27,80.32,28.53,155926.35,76.42,5.36,None,2281555.53
Lampung,2018,Mekongga,Padi-Padi-Palawija,284567.14,273998.57,1613.21,73.15,24.8,75923.02,53.13,6.33,Ringan,1733102.87
Lampung,2019,Inpari 32,Padi-Padi-Palawija,135149.69,130367.13,3403.29,79.31,28.4,27169.01,85.1,4.57,None,595981.52
Lampung,2020,IR64,Padi-Padi-Bero,424460.38,388793.32,1015.96,75.74,27.08,168187.01,74.75,4.65,None,1807698.0
Lampung,2021,IR64,Padi-Padi-Palawija,400930.43,346366.8,2902.57,80.83,28.81,107599.48,74.79,6.33,Ringan,2192526.16
Lampung,2022,Mekongga,Padi-Padi-Bero,476284.05,415143.03,2927.46,84.17,26.37,100774.13,44.11,6.13,None,2545257.14
Lampung,2023,Mekongga,Padi-Padi-Palawija,250681.24,234182.55,2485.99,77.67,24.33,91323.82,60.45,6.05,Ringan,1416093.45
Lampung,2024,Mekongga,Padi-Padi-Palawija,121522.23,110695.83,3360.76,72.04,28.27,37113.47,85.43,4.75,None,525355.32
Kepulauan Bangka Belitung,2010,Mekongga,Padi-Padi-Bero,153524.16,133116.74,3170.14,89.26,24.16,53158.36,90.02,6.14,None,817789.4
Kepulauan Bangka Belitung,2011,IR64,Padi-Palawija-Bero,249034.44,221778.56,1801.86,84.49,27.73,59786.15,87.75,5.79,None,1283501.3
Kepulauan Bangka Belitung,2012,Ciherang,Padi-Padi-Palawija,485687.04,424547.94,3171.56,85.53,27.85,179197.46,81.86,5.57,Ringan,2362843.13
Kepulauan Bangka Belitung,2013,Mekongga,Padi-Padi-Palawija,327492.64,312280.56,2203.81,72.35,24.63,110402.05,63.67,4.5,None,1405672.17
Kepulauan Bangka Belitung,2014,Mekongga,Padi-Padi-Palawija,311887.13,276010.49,2993.9,76.21,26.28,63102.29,43.98,4.98,None,1374872.79
Kepulauan Bangka Belitung,2015,IR64,Padi-Palawija-Bero,181248.16,170436.28,3150.31,85.6,24.2,53667.83,45.77,4.61,None,784878.25
Kepulauan Bangka Belitung,2016,Ciherang,Padi-Padi-Bero,274499.67,255383.58,2756.16,81.19,24.05,72822.64,68.47,4.22,Sedang,1077633.47
Kepulauan Bangka Belitung,2017,Mekongga,Padi-Padi-Bero,85360.32,76960.87,1331.79,81.35,27.45,30739.73,51.01,4.42,Ringan,340067.49
Kepulauan Bangka Belitung,2018,Inpari 32,Padi-Palawija-Bero,367914.08,314237.69,3340.53,71.04,26.71,125757.48,87.9,5.79,None,1817933.35
Kepulauan Bangka Belitung,2019,Mekongga,Padi-Padi-Palawija,416671.3,358510.21,3237.04,80.95,28.09,121027.87,75.4,5.32,None,1905842.65
Kepulauan Bangka Belitung,2020,Mekongga,Padi-Palawija-Bero,77158.44,68063.27,1398.86,87.44,25.1,30490.94,58.53,4.46,None,303241.91
Kepulauan Bangka Belitung,2021,Inpari 32,Padi-Palawija-Bero,122752.64,104672.65,2633.16,76.65,26.71,36660.74,44.48,5.01,Ringan,524216.67
Kepulauan Bangka Belitung,2022,IR64,Padi-Padi-Palawija,141610.23,135840.86,1435.48,89.22,26.08,52289.44,74.58,5.84,None,793089.97
Kepulauan Bangka Belitung,2023,Mekongga,Padi-Padi-Palawija,440164.17,407252.13,2096.54,84.51,26.43,164922.76,89.54,5.05,Ringan,2058375.39
Kepulauan Bangka Belitung,2024,IR64,Padi-Padi-Palawija,460563.51,404092.01,2557.42,82.63,27.67,104231.76,79.37,6.27,Ringan,2534699.99
Kepulauan Riau,2010,Inpari 32,Padi-Palawija-Bero,487127.79,425519.28,3135.96,79.85,25.24,182258.85,64.49,5.29,Sedang,2249738.9
Kepulauan Riau,2011,Mekongga,Padi-Palawija-Bero,123585.74,111331.05,3423.53,75.16,27.28,32754.92,82.54,4.33,None,481749.97
Kepulauan Riau,2012,Ciherang,Padi-Padi-Bero,156222.71,134281.94,1424.39,80.4,25.69,57142.62,63.7,4.62,None,620622.37
Kepulauan Riau,2013,Mekongga,Padi-Padi-Palawija,125168.86,109121.02,1091.68,84.73,27.32,36915.57,86.43,6.01,None,656272.96
Kepulauan Riau,2014,Ciherang,Padi-Palawija-Bero,142628.54,123309.44,1674.37,71.14,26.66,55243.05,42.16,4.31,None,530881.04
Kepulauan Riau,2015,Ciherang,Padi-Palawija-Bero,192270.25,176108.11,1103.93,72.97,28.93,75566.77,40.27,6.38,None,1123486.88
Kepulauan Riau,2016,Mekongga,Padi-Padi-Palawija,254632.94,233505.4,2222.12,83.34,24.7,52453.04,56.94,5.76,Ringan,1345388.51
Kepulauan Riau,2017,Inpari 32,Padi-Padi-Palawija,134757.09,127346.5,1390.41,74.69,28.82,33832.29,76.39,6.45,Sedang,820949.19
Kepulauan Riau,2018,Inpari 32,Padi-Padi-Bero,159866.28,153154.14,3161.52,85.37,24.57,57408.31,90.53,5.5,None,842581.16
Kepulauan Riau,2019,Ciherang,Padi-Padi-Bero,350137.18,323888.83,1871.43,73.19,27.02,92303.97,87.65,6.48,None,2099882.15
Kepulauan Riau,2020,Ciherang,Padi-Palawija-Bero,179908.52,155474.11,2626.28,85.3,28.63,51747.89,89.58,6.19,Sedang,963119.79
Kepulauan Riau,2021,Ciherang,Padi-Padi-Bero,219052.51,194648.53,2622.69,76.57,27.15,70527.54,70.99,4.95,None,963714.47
Kepulauan Riau,2022,IR64,Padi-Padi-Palawija,295559.1,268301.02,1036.67,81.74,24.84,97095.65,81.76,5.25,None,1408879.06
Kepulauan Riau,2023,Inpari 32,Padi-Padi-Palawija,265631.84,226672.54,1853.12,77.6,25.99,83948.82,69.35,5.52,None,1251178.66
Kepulauan Riau,2024,Mekongga,Padi-Padi-Bero,373155.38,363534.72,1045.58,73.92,24.04,122952.81,89.39,4.61,None,1675424.56
DKI Jakarta,2010,Inpari 32,Padi-Padi-Palawija,265632.45,232506.12,1415.83,82.35,26.62,88726.34,91.13,5.33,None,1239408.85
DKI Jakarta,2011,IR64,Padi-Padi-Bero,372267.8,329621.22,2033.87,72.44,24.91,125165.21,49.98,5.31,None,1751247.37
DKI Jakarta,2012,Mekongga,Padi-Padi-Palawija,305290.5,269679.33,3407.32,79.67,28.03,94653.89,42.39,5.58,None,1505586.9
DKI Jakarta,2013,Inpari 32,Padi-Palawija-Bero,418634.99,403960.51,1570.2,74.24,27.05,118141.18,86.19,6.25,Sedang,2524776.53
DKI Jakarta,2014,Mekongga,Padi-Padi-Bero,401236.48,355385.1,3056.54,78.47,27.34,87913.75,74.31,5.13,None,1822919.14
DKI Jakarta,2015,Inpari 32,Padi-Padi-Bero,381593.19,367155.08,1541.85,71.91,24.12,125313.03,73.39,5.37,Ringan,1970427.15
DKI Jakarta,2016,Mekongga,Padi-Padi-Palawija,317514.35,290392.18,3469.46,72.73,27.48,89178.27,63.55,5.79,None,1682530.65
DKI Jakarta,2017,Mekongga,Padi-Padi-Palawija,96849.34,91441.67,2445.97,75.48,24.4,21029.06,89.18,4.48,Sedang,409628.34
DKI Jakarta,2018,Inpari 32,Padi-Padi-Bero,209748.34,180179.09,2297.65,71.35,28.0,51753.81,69.7,6.2,None,1117145.96
DKI Jakarta,2019,Inpari 32,Padi-Padi-Bero,255586.39,223572.21,1130.85,77.57,25.81,102003.53,64.55,4.83,None,1080731.04
DKI Jakarta,2020,IR64,Padi-Palawija-Bero,128886.32,121114.56,1502.33,80.72,24.48,37386.6,81.59,4.87,None,589698.17
DKI Jakarta,2021,Inpari 32,Padi-Padi-Palawija,467230.02,411397.65,1998.29,73.05,28.96,180070.54,69.7,6.11,None,2511616.92
DKI Jakarta,2022,Inpari 32,Padi-Padi-Bero,90105.99,85437.17,1319.28,86.52,27.91,30793.63,41.99,4.76,Ringan,406494.73
DKI Jakarta,2023,Mekongga,Padi-Palawija-Bero,89439.24,86917.45,2384.51,76.11,25.98,25887.34,73.03,5.29,None,459723.67
DKI Jakarta,2024,Inpari 32,Padi-Palawija-Bero,496471.11,476952.47,1521.28,88.61,24.58,180462.25,60.93,6.19,None,2954689.91
Jawa Barat,2010,Ciherang,Padi-Padi-Palawija,405513.7,360748.35,1202.3,78.06,24.87,137465.18,59.04,6.44,None,2322867.79
Jawa Barat,2011,Ciherang,Padi-Padi-Bero,109636.1,105476.72,3306.89,79.74,27.03,38697.37,49.62,5.26,Sedang,554429.41
Jawa Barat,2012,Inpari 32,Padi-Padi-Palawija,215390.49,184990.79,1064.53,72.7,28.82,66750.79,93.12,5.08,Sedang,939983.49
Jawa Barat,2013,Ciherang,Padi-Padi-Palawija,174988.68,168109.58,1000.83,70.35,27.01,47764.85,61.26,5.41,Ringan,909658.22
Jawa Barat,2014,Mekongga,Padi-Padi-Bero,268070.71,254145.23,2548.74,75.95,26.15,62764.19,44.1,5.96,Ringan,1513877.11
Jawa Barat,2015,IR64,Padi-Palawija-Bero,279239.96,273535.25,3034.93,82.3,25.53,90691.32,68.99,5.07,Ringan,1385513.06
Jawa Barat,2016,Mekongga,Padi-Padi-Bero,252403.09,220928.66,1919.4,78.28,28.14,87513.93,82.31,4.03,Berat,889807.45
Jawa Barat,2017,Inpari 32,Padi-Padi-Bero,58636.52,51821.54,2900.72,72.74,26.68,14251.04,40.67,4.6,None,238534.72
Jawa Barat,2018,IR64,Padi-Padi-Palawija,481809.49,440094.92,1274.34,80.96,26.27,177725.75,45.39,5.22,Ringan,2297560.78
Jawa Barat,2019,Ciherang,Padi-Padi-Palawija,264208.16,237487.59,1986.19,79.19,27.93,99980.84,92.54,5.97,Sedang,1417149.84
Jawa Barat,2020,IR64,Padi-Padi-Bero,246921.41,218058.07,3102.18,70.77,28.51,72174.01,75.05,5.65,None,1231675.87
Jawa Barat,2021,Mekongga,Padi-Padi-Bero,326270.11,280156.65,2296.02,73.0,27.69,98678.56,77.41,4.1,Ringan,1149813.95
Jawa Barat,2022,Mekongga,Padi-Palawija-Bero,82437.95,70835.91,1030.27,89.13,27.69,22311.85,56.31,4.87,None,345272.52
Jawa Barat,2023,Mekongga,Padi-Padi-Bero,133338.01,116355.31,1245.99,83.21,27.82,33735.75,41.15,4.21,None,489324.0
Jawa Barat,2024,Inpari 32,Padi-Padi-Bero,489195.88,458256.96,1026.07,75.11,25.3,104614.96,92.79,5.2,None,2380937.38
Jawa Tengah,2010,Ciherang,Padi-Padi-Palawija,106355.11,96960.09,1284.89,79.72,28.6,32348.29,73.91,4.39,Ringan,425809.55
Jawa Tengah,2011,Inpari 32,Padi-Padi-Bero,151077.03,135724.84,2080.19,78.79,27.06,58710.82,53.24,4.3,Ringan,584126.23
Jawa Tengah,2012,IR64,Padi-Padi-Palawija,340614.87,302182.57,3039.87,87.23,28.23,130722.98,53.87,5.89,None,1779131.55
Jawa Tengah,2013,Ciherang,Padi-Padi-Bero,377820.8,359284.22,2640.4,73.55,26.73,149969.9,91.56,4.11,Ringan,1475916.0
Jawa Tengah,2014,Mekongga,Padi-Padi-Palawija,376690.96,360234.12,1533.78,80.12,28.2,130546.14,69.82,5.48,None,1972594.93
Jawa Tengah,2015,Ciherang,Padi-Palawija-Bero,304259.9,285868.93,3183.31,82.73,27.81,70592.66,65.39,4.02,Ringan,1150144.79
Jawa Tengah,2016,Ciherang,Padi-Padi-Bero,496314.48,428266.36,2003.74,86.0,25.02,154362.24,80.32,5.54,Ringan,2372580.08
Jawa Tengah,2017,IR64,Padi-Palawija-Bero,292413.05,268476.32,3120.12,86.8,28.16,59127.77,81.23,5.9,None,1583121.9
Jawa Tengah,2018,Inpari 32,Padi-Padi-Bero,428886.67,390776.43,2255.13,72.49,25.93,140963.48,82.92,4.54,Ringan,1775306.22
Jawa Tengah,2019,Mekongga,Padi-Padi-Bero,50845.95,44398.09,1072.68,73.34,24.91,14111.52,62.13,6.19,None,274631.34
Jawa Tengah,2020,Inpari 32,Padi-Palawija-Bero,310992.7,287044.09,2401.65,82.07,27.38,112267.68,54.84,6.06,None,1740240.24
Jawa Tengah,2021,Mekongga,Padi-Padi-Bero,76347.92,68213.12,2962.24,84.15,27.94,23168.07,64.21,4.37,Sedang,297997.98
Jawa Tengah,2022,IR64,Padi-Palawija-Bero,89870.19,78967.1,2495.56,84.71,28.99,34745.85,75.34,5.05,None,399030.25
Jawa Tengah,2023,Ciherang,Padi-Palawija-Bero,103251.29,93265.61,3099.51,77.68,26.86,32787.85,50.15,4.91,Sedang,457522.71
Jawa Tengah,2024,Ciherang,Padi-Padi-Bero,60886.29,58336.41,1682.68,80.36,25.49,23632.15,54.26,5.07,None,296007.25
DI Yogyakarta,2010,IR64,Padi-Padi-Palawija,266407.7,241518.15,3343.38,84.12,27.16,55937.2,89.72,6.27,None,1515158.18
DI Yogyakarta,2011,Inpari 32,Padi-Palawija-Bero,75776.11,66628.35,1328.37,77.98,28.61,22309.4,40.74,4.71,Ringan,313610.6
DI Yogyakarta,2012,IR64,Padi-Palawija-Bero,161140.46,155953.85,1623.87,75.44,27.8,46722.35,82.72,4.16,None,649300.65
DI Yogyakarta,2013,IR64,Padi-Palawija-Bero,78193.94,75678.98,1348.11,80.65,26.06,21070.82,89.49,4.05,None,306844.85
DI Yogyakarta,2014,Ciherang,Padi-Padi-Bero,446961.03,402778.13,3069.67,85.75,27.12,133594.96,93.88,4.36,None,1757084.44
DI Yogyakarta,2015,Mekongga,Padi-Padi-Bero,258769.62,252652.48,2521.32,76.99,24.57,59581.54,52.39,4.63,None,1169128.31
DI Yogyakarta,2016,Ciherang,Padi-Padi-Palawija,285525.91,246957.06,3150.35,84.46,24.34,97526.23,69.89,4.2,None,1038284.85
DI Yogyakarta,2017,IR64,Padi-Padi-Palawija,124598.54,121227.0,3124.94,83.38,26.31,35180.79,75.8,5.36,Ringan,650210.68
DI Yogyakarta,2018,Inpari 32,Padi-Palawija-Bero,412881.63,375598.91,1129.89,85.73,25.01,103932.28,49.06,4.83,None,1812466.67
DI Yogyakarta,2019,Ciherang,Padi-Padi-Palawija,142196.57,137094.26,3198.95,87.41,25.19,41272.25,94.17,5.93,Ringan,812973.26
DI Yogyakarta,2020,Mekongga,Padi-Padi-Palawija,204648.44,181465.05,1976.82,85.97,25.86,59417.5,61.86,4.23,Berat,768235.89
DI Yogyakarta,2021,IR64,Padi-Padi-Palawija,92316.25,82749.26,2893.7,75.53,25.56,30329.11,50.77,6.24,None,516553.54
DI Yogyakarta,2022,Ciherang,Padi-Palawija-Bero,406967.61,362680.99,3142.95,88.12,25.38,161445.8,47.74,4.51,Ringan,1633892.08
DI Yogyakarta,2023,Ciherang,Padi-Padi-Bero,190922.9,182105.53,3419.39,87.14,24.59,66430.87,57.58,6.47,None,1178412.16
DI Yogyakarta,2024,IR64,Padi-Padi-Palawija,376333.5,335686.26,3492.7,89.6,27.28,85038.31,77.78,4.23,Ringan,1420817.7
Jawa Timur,2010,Inpari 32,Padi-Palawija-Bero,144388.83,129845.05,3433.64,76.74,25.48,55393.56,46.09,5.9,None,765950.23
Jawa Timur,2011,Ciherang,Padi-Padi-Bero,343250.56,305777.18,1635.8,86.39,28.4,104721.28,53.44,4.28,Ringan,1309447.36
Jawa Timur,2012,Inpari 32,Padi-Palawija-Bero,239053.43,231331.23,2849.18,73.83,27.07,68632.5,71.75,5.85,None,1352171.03
Jawa Timur,2013,Ciherang,Padi-Palawija-Bero,164288.69,140309.94,2848.24,72.13,25.57,32983.16,77.49,4.42,None,619865.47
Jawa Timur,2014,Inpari 32,Padi-Padi-Bero,175674.24,164005.02,2735.38,80.25,25.53,42606.08,41.83,4.76,None,780641.9
Jawa Timur,2015,Inpari 32,Padi-Padi-Palawija,394729.15,375978.79,2662.46,75.21,28.54,131897.35,70.82,4.28,Berat,1608239.36
Jawa Timur,2016,Mekongga,Padi-Padi-Palawija,439053.62,404396.61,1951.0,89.54,24.55,124915.01,42.31,5.85,None,2365623.21
Jawa Timur,2017,Mekongga,Padi-Padi-Bero,436253.75,387388.26,3276.93,85.08,28.02,88821.84,92.95,5.82,Sedang,2253312.57
Jawa Timur,2018,Ciherang,Padi-Padi-Palawija,176684.54,170228.13,1281.45,84.07,26.7,38748.14,53.3,4.03,None,686191.32
Jawa Timur,2019,Ciherang,Padi-Palawija-Bero,319260.87,283708.27,1749.8,84.86,24.24,121503.98,86.87,5.67,None,1608487.36
Jawa Timur,2020,IR64,Padi-Padi-Bero,331779.28,304928.76,3095.38,75.71,26.15,84124.41,83.4,5.43,None,1656791.81
Jawa Timur,2021,Mekongga,Padi-Padi-Palawija,319540.33,276383.62,1234.64,88.19,27.35,116906.18,88.34,5.43,None,1500605.78
Jawa Timur,2022,IR64,Padi-Palawija-Bero,245568.18,233438.18,2504.81,87.85,26.22,78930.01,74.72,5.48,None,1279064.51
Jawa Timur,2023,Mekongga,Padi-Padi-Palawija,280563.7,242280.57,1961.28,79.75,27.26,109449.64,73.04,5.86,None,1419518.15
Jawa Timur,2024,Ciherang,Padi-Palawija-Bero,81919.5,72340.72,1904.63,79.45,24.23,18678.04,55.22,6.43,Sedang,465066.35
Banten,2010,IR64,Padi-Padi-Bero,138243.97,128484.14,1701.71,74.14,26.58,27801.02,40.42,4.55,Ringan,584303.73
Banten,2011,IR64,Padi-Padi-Bero,202487.29,193240.94,2430.12,80.25,25.47,78231.12,61.84,4.22,None,815038.48
Banten,2012,IR64,Padi-Palawija-Bero,205350.41,188093.49,3185.56,79.87,27.51,81845.15,47.23,4.69,Sedang,881562.01
Banten,2013,Mekongga,Padi-Padi-Palawija,234959.48,227438.3,2785.08,82.16,25.55,85703.37,92.53,6.05,Ringan,1376683.03
Banten,2014,Mekongga,Padi-Palawija-Bero,73010.92,64504.34,1148.81,82.08,27.43,16273.95,61.11,5.14,Sedang,331590.46
Banten,2015,Mekongga,Padi-Padi-Bero,238526.51,226040.39,1177.52,71.6,25.77,92630.61,76.77,5.7,Sedang,1287678.63
Banten,2016,IR64,Padi-Padi-Palawija,54559.03,50886.8,3283.22,82.25,28.37,18811.66,46.63,6.26,Ringan,318354.6
Banten,2017,Mekongga,Padi-Padi-Bero,113961.71,97040.88,2055.09,75.9,26.43,35948.08,42.41,4.31,None,418004.41
Banten,2018,IR64,Padi-Padi-Palawija,378128.07,353473.33,3114.01,83.85,26.15,126519.13,55.15,4.77,None,1684577.45
Banten,2019,IR64,Padi-Padi-Bero,222907.83,202515.34,2448.17,85.19,24.49,84243.65,40.68,4.93,Ringan,997414.53
Banten,2020,Inpari 32,Padi-Palawija-Bero,286615.67,262688.59,1414.07,82.91,24.22,100998.02,92.07,4.85,None,1273887.83
Banten,2021,Ciherang,Padi-Palawija-Bero,203271.87,174676.11,2024.07,76.22,27.39,65281.95,60.05,4.54,None,793855.98
Banten,2022,IR64,Padi-Palawija-Bero,359723.41,312337.72,2213.97,70.55,26.53,141300.61,61.13,4.1,Ringan,1279800.69
Banten,2023,Mekongga,Padi-Padi-Palawija,122011.22,104079.94,2890.53,79.17,25.45,46366.29,46.39,6.39,Sedang,665049.67
Banten,2024,Ciherang,Padi-Padi-Bero,321324.29,307659.0,3460.03,75.77,28.81,89294.86,61.2,4.85,None,1492443.89
Bali,2010,Inpari 32,Padi-Palawija-Bero,299170.17,275362.69,2904.75,86.67,26.2,77923.85,54.26,4.49,Ringan,1235431.13
Bali,2011,Mekongga,Padi-Padi-Bero,171611.46,167430.02,2394.27,76.95,26.9,39099.84,64.42,5.57,None,931846.15
Bali,2012,IR64,Padi-Padi-Palawija,497231.78,479550.67,2558.51,81.39,27.1,119466.11,61.73,4.1,None,1965509.79
Bali,2013,Ciherang,Padi-Padi-Bero,152487.38,148724.56,3273.64,84.44,26.67,57029.34,47.19,5.98,Ringan,888818.82
Bali,2014,Inpari 32,Padi-Palawija-Bero,444690.76,432562.03,1371.99,79.25,28.9,131931.52,87.5,5.47,Sedang,2366905.38
Bali,2015,Mekongga,Padi-Palawija-Bero,141450.39,134241.2,1966.35,80.23,26.46,44621.35,87.61,6.45,Berat,866103.85
Bali,2016,Mekongga,Padi-Palawija-Bero,394037.51,364310.83,3390.12,74.01,24.55,146106.11,64.15,6.12,None,2228643.14
Bali,2017,Inpari 32,Padi-Padi-Palawija,447559.14,406509.68,2276.08,82.53,28.63,91222.95,66.23,5.72,None,2324952.89
Bali,2018,IR64,Padi-Padi-Palawija,110495.81,98222.09,1896.79,86.09,25.39,26755.56,92.66,4.02,None,395064.79
Bali,2019,IR64,Padi-Padi-Bero,422811.18,375583.4,1035.79,84.76,28.17,147178.56,47.86,5.88,None,2209771.13
Bali,2020,Mekongga,Padi-Palawija-Bero,394752.17,378950.16,2534.01,71.77,26.44,85080.88,62.41,5.02,Ringan,1901483.29
Bali,2021,IR64,Padi-Padi-Palawija,334440.42,309362.5,2744.39,70.12,24.5,125010.1,77.5,4.28,None,1324792.06
Bali,2022,Mekongga,Padi-Padi-Palawija,72601.71,62399.51,2007.18,75.91,25.16,18600.62,84.19,6.32,Berat,394556.5
Bali,2023,Ciherang,Padi-Palawija-Bero,194673.07,177529.53,1565.07,82.81,28.89,62431.38,59.68,5.62,Ringan,997634.96
Bali,2024,IR64,Padi-Palawija-Bero,276387.78,251074.93,2464.66,82.5,24.36,93010.97,53.31,5.78,None,1452438.75
Nusa Tenggara Barat,2010,Mekongga,Padi-Padi-Bero,298625.44,274025.29,1357.19,85.51,25.36,89390.26,55.64,4.33,None,1187782.07
Nusa Tenggara Barat,2011,Ciherang,Padi-Padi-Palawija,386890.36,344830.07,1000.34,80.22,24.23,98747.54,78.88,4.16,None,1433363.43
Nusa Tenggara Barat,2012,Mekongga,Padi-Palawija-Bero,161070.74,152424.07,1790.68,72.04,25.8,40924.64,86.35,4.78,None,729100.67
Nusa Tenggara Barat,2013,IR64,Padi-Palawija-Bero,245217.84,237442.62,1943.3,89.28,24.45,82737.44,67.16,4.97,None,1179881.35
Nusa Tenggara Barat,2014,Ciherang,Padi-Palawija-Bero,51963.47,45296.76,2782.62,83.33,28.83,18301.93,92.29,5.76,Ringan,260744.07
Nusa Tenggara Barat,2015,Mekongga,Padi-Padi-Bero,335452.88,328720.55,1262.02,79.97,25.93,125178.95,66.18,4.28,None,1406083.68
Nusa Tenggara Barat,2016,Ciherang,Padi-Padi-Bero,73559.76,69865.87,2041.26,86.44,28.25,17830.8,76.15,5.18,None,361954.41
Nusa Tenggara Barat,2017,Inpari 32,Padi-Padi-Palawija,389310.37,332732.68,1986.84,88.62,24.63,135253.94,93.6,4.13,None,1374351.19
Nusa Tenggara Barat,2018,Ciherang,Padi-Padi-Bero,310628.86,267480.77,1107.52,83.34,28.12,110709.08,69.91,4.25,None,1136704.21
Nusa Tenggara Barat,2019,Ciherang,Padi-Palawija-Bero,459980.92,441109.97,2773.46,88.98,24.16,159723.81,58.16,6.27,Ringan,2763626.6
Nusa Tenggara Barat,2020,Inpari 32,Padi-Padi-Bero,444941.16,380609.51,1994.12,85.25,26.27,112770.57,52.09,4.33,None,1647580.81
Nusa Tenggara Barat,2021,Ciherang,Padi-Padi-Palawija,84373.23,75913.58,1919.33,73.63,26.18,22478.7,58.8,5.85,Ringan,443909.71
Nusa Tenggara Barat,2022,IR64,Padi-Padi-Bero,306792.33,283430.72,2657.52,80.97,28.4,102811.02,70.08,6.07,None,1721673.76
Nusa Tenggara Barat,2023,Inpari 32,Padi-Padi-Bero,229102.38,203758.86,1164.24,74.56,25.23,68001.12,81.11,5.18,Ringan,1056392.8
Nusa Tenggara Barat,2024,Ciherang,Padi-Padi-Palawija,157621.45,144853.46,2627.39,82.89,26.81,56016.39,51.27,5.81,None,842187.86
Nusa Tenggara Timur,2010,Mekongga,Padi-Padi-Palawija,431237.5,384219.29,1690.59,89.63,26.64,164424.04,49.01,5.61,None,2154335.74
Nusa Tenggara Timur,2011,Inpari 32,Padi-Padi-Bero,180727.03,164660.12,3225.35,84.15,24.31,41469.73,40.43,5.58,Berat,918359.62
Nusa Tenggara Timur,2012,Inpari 32,Padi-Padi-Palawija,481070.35,442034.27,1604.73,80.01,27.4,103549.36,55.11,6.02,None,2659903.07
Nusa Tenggara Timur,2013,Mekongga,Padi-Palawija-Bero,244767.2,209449.01,1414.37,78.91,25.05,51400.09,86.4,6.45,None,1351570.52
Nusa Tenggara Timur,2014,Ciherang,Padi-Padi-Palawija,158889.71,154898.64,1492.31,89.03,28.97,54395.03,93.96,5.42,Ringan,840146.9
Nusa Tenggara Timur,2015,Ciherang,Padi-Padi-Palawija,317102.42,272549.72,2555.86,89.62,24.95,113687.25,89.93,6.36,None,1733212.91
Nusa Tenggara Timur,2016,Inpari 32,Padi-Padi-Palawija,485173.71,437172.17,3135.55,85.46,25.55,119550.67,65.2,5.95,None,2602648.59
Nusa Tenggara Timur,2017,IR64,Padi-Padi-Palawija,434843.14,403707.66,3088.52,85.69,25.88,134974.47,84.26,4.12,None,1661314.28
Nusa Tenggara Timur,2018,Mekongga,Padi-Palawija-Bero,281607.63,268956.63,1634.55,74.92,26.01,106709.17,40.02,6.25,Ringan,1681908.93
Nusa Tenggara Timur,2019,Inpari 32,Padi-Padi-Palawija,479681.15,438576.2,2281.8,79.63,27.18,104639.73,41.79,4.14,Berat,1817572.64
Nusa Tenggara Timur,2020,Mekongga,Padi-Padi-Palawija,329917.8,322995.3,1965.81,81.48,26.08,121889.56,89.62,6.19,None,2000435.56
Nusa Tenggara Timur,2021,IR64,Padi-Palawija-Bero,427917.27,405550.2,1571.74,89.13,24.74,143741.68,52.37,5.08,None,2059567.07
Nusa Tenggara Timur,2022,Mekongga,Padi-Padi-Palawija,242375.82,216302.0,3099.15,72.88,26.15,92284.96,86.52,5.0,None,1082019.27
Nusa Tenggara Timur,2023,Inpari 32,Padi-Palawija-Bero,449999.34,414352.98,1511.15,75.11,25.48,143442.01,41.8,5.59,Sedang,2316277.15
Nusa Tenggara Timur,2024,Inpari 32,Padi-Padi-Bero,445773.46,405564.83,1237.63,86.53,24.24,153947.79,82.56,4.88,None,1979767.36
Kalimantan Barat,2010,Inpari 32,Padi-Padi-Bero,258482.14,221235.49,1725.07,88.62,25.96,79958.89,69.26,5.48,Ringan,1211502.76
Kalimantan Barat,2011,Mekongga,Padi-Palawija-Bero,375407.72,328884.51,1508.95,70.2,26.19,141358.61,42.85,4.48,Sedang,1472677.99
Kalimantan Barat,2012,IR64,Padi-Palawija-Bero,338286.02,305835.16,2897.67,82.19,28.48,123002.61,53.9,4.68,Ringan,1430879.27
Kalimantan Barat,2013,IR64,Padi-Palawija-Bero,499794.76,451188.55,1551.22,85.25,26.71,114912.96,60.94,5.04,None,2272264.17
Kalimantan Barat,2014,Ciherang,Padi-Padi-Palawija,171058.84,156910.14,1672.12,82.57,26.41,46586.52,92.21,5.58,Ringan,875621.15
Kalimantan Barat,2015,Mekongga,Padi-Palawija-Bero,401329.33,378093.83,1430.22,89.45,26.24,93030.15,49.91,4.25,None,1605230.45
Kalimantan Barat,2016,Ciherang,Padi-Palawija-Bero,106306.37,102113.78,1861.51,70.62,24.26,24284.0,51.74,5.66,Ringan,578256.61
Kalimantan Barat,2017,Ciherang,Padi-Palawija-Bero,394123.61,369387.31,2088.31,80.99,25.56,116857.68,67.87,4.97,None,1835150.56
Kalimantan Barat,2018,Ciherang,Padi-Padi-Bero,401977.07,348180.38,2993.87,82.32,28.22,88235.12,70.74,5.25,None,1828893.96
Kalimantan Barat,2019,Mekongga,Padi-Padi-Palawija,293330.56,265712.74,1772.09,79.65,24.59,115074.36,79.29,6.38,Ringan,1695557.59
Kalimantan Barat,2020,Inpari 32,Padi-Palawija-Bero,413955.49,388302.59,2562.57,76.33,28.08,124312.11,43.9,4.78,None,1856924.32
Kalimantan Barat,2021,Ciherang,Padi-Padi-Bero,457739.18,389801.7,2685.05,71.04,26.74,117879.99,56.87,4.88,None,1903166.37
Kalimantan Barat,2022,Mekongga,Padi-Palawija-Bero,379714.57,342726.03,1170.88,85.68,25.43,108808.49,77.7,4.83,Ringan,1655757.56
Kalimantan Barat,2023,Inpari 32,Padi-Palawija-Bero,475001.86,443378.84,2678.7,82.65,24.99,134742.25,81.3,4.25,Ringan,1885881.84
Kalimantan Barat,2024,Inpari 32,Padi-Padi-Bero,244408.52,238896.6,1168.76,80.37,24.9,96330.03,46.23,5.01,None,1196633.67
Kalimantan Tengah,2010,Inpari 32,Padi-Palawija-Bero,141998.26,130292.14,1185.11,82.11,26.58,49419.98,74.69,5.37,None,700192.02
Kalimantan Tengah,2011,Ciherang,Padi-Padi-Palawija,317911.85,277338.15,3313.81,71.37,26.15,107822.82,65.19,4.23,None,1173206.42
Kalimantan Tengah,2012,IR64,Padi-Padi-Bero,366706.54,329494.54,2409.15,79.01,27.36,116140.14,68.92,4.62,Ringan,1523520.47
Kalimantan Tengah,2013,Ciherang,Padi-Padi-Bero,102679.72,93272.31,2530.65,74.26,28.7,20673.17,82.48,5.56,Sedang,518874.96
Kalimantan Tengah,2014,IR64,Padi-Padi-Palawija,56927.7,52702.55,1632.75,79.01,28.79,15928.77,86.19,4.47,None,235651.62
Kalimantan Tengah,2015,Ciherang,Padi-Palawija-Bero,95851.9,81577.78,2083.96,71.85,27.74,36702.62,63.87,4.65,Berat,379073.94
Kalimantan Tengah,2016,IR64,Padi-Palawija-Bero,54074.37,50106.88,2533.23,82.75,25.21,18537.27,45.03,4.5,None,225389.57
Kalimantan Tengah,2017,IR64,Padi-Padi-Palawija,63276.82,56713.51,1039.53,71.54,28.56,17146.26,63.36,4.54,None,257386.4
Kalimantan Tengah,2018,Mekongga,Padi-Palawija-Bero,217490.18,194282.79,3212.41,77.67,26.47,55821.24,83.27,4.99,None,970174.48
Kalimantan Tengah,2019,Ciherang,Padi-Padi-Palawija,284652.06,244487.55,1927.78,88.42,26.92,87577.87,54.79,4.92,None,1203153.14
Kalimantan Tengah,2020,IR64,Padi-Padi-Palawija,404324.16,367556.91,2575.62,74.97,27.53,115442.74,64.34,5.62,None,2066884.89
Kalimantan Tengah,2021,Mekongga,Padi-Padi-Bero,421134.46,373971.53,2109.8,70.44,25.51,126561.96,43.09,5.23,None,1955025.66
Kalimantan Tengah,2022,Mekongga,Padi-Palawija-Bero,393998.33,355881.84,2637.93,75.2,24.8,91444.07,43.88,4.46,None,1588698.09
Kalimantan Tengah,2023,Mekongga,Padi-Padi-Palawija,416356.56,390986.9,1276.08,75.78,25.55,104085.55,68.33,5.34,Sedang,2087433.89
Kalimantan Tengah,2024,Ciherang,Padi-Padi-Bero,422850.02,402810.34,1769.49,88.28,28.76,112202.62,59.49,5.26,None,2120428.03
Kalimantan Selatan,2010,Mekongga,Padi-Padi-Palawija,96155.58,86641.47,2383.43,80.06,24.97,35747.12,77.23,6.09,None,528059.91
Kalimantan Selatan,2011,IR64,Padi-Padi-Bero,247644.77,230153.89,1400.91,83.47,24.9,83899.55,52.63,4.29,Ringan,988252.77
Kalimantan Selatan,2012,Inpari 32,Padi-Palawija-Bero,373432.83,352973.24,2287.33,73.23,24.42,76115.24,49.12,6.23,Ringan,2198013.38
Kalimantan Selatan,2013,IR64,Padi-Palawija-Bero,97405.47,85610.34,2298.06,82.16,25.23,20605.78,61.51,4.59,Ringan,392566.96
Kalimantan Selatan,2014,Inpari 32,Padi-Padi-Bero,300595.3,271753.41,2072.36,80.82,27.48,102331.42,49.44,5.25,Berat,1426782.0
Kalimantan Selatan,2015,Ciherang,Padi-Padi-Palawija,334138.51,307148.65,1288.49,82.11,24.59,89362.44,47.86,5.73,Ringan,1760018.33
Kalimantan Selatan,2016,Ciherang,Padi-Palawija-Bero,453053.65,397129.22,2269.51,78.39,24.09,162443.12,43.8,5.19,None,2059368.19
Kalimantan Selatan,2017,Mekongga,Padi-Padi-Palawija,359884.23,317750.93,1024.95,84.47,26.68,132157.96,85.18,6.11,None,1940922.93
Kalimantan Selatan,2018,Mekongga,Padi-Padi-Palawija,406201.19,369102.12,1458.61,87.1,28.41,119123.35,44.16,4.97,None,1834277.06
Kalimantan Selatan,2019,Ciherang,Padi-Padi-Palawija,80138.13,77257.61,1973.51,80.84,28.84,17094.5,75.66,4.19,Sedang,323343.44
Kalimantan Selatan,2020,Mekongga,Padi-Palawija-Bero,245062.5,240071.49,2397.65,76.42,25.1,66192.39,60.49,4.17,Sedang,1001526.45
Kalimantan Selatan,2021,Mekongga,Padi-Padi-Bero,345528.27,325535.84,1020.91,74.35,27.31,102552.06,40.29,6.01,None,1956872.97
Kalimantan Selatan,2022,IR64,Padi-Padi-Bero,311456.79,281989.62,2370.08,80.42,25.75,104492.1,81.72,4.04,Ringan,1138271.04
Kalimantan Selatan,2023,Inpari 32,Padi-Padi-Bero,223979.08,209671.95,1867.41,77.82,24.79,56363.48,73.3,5.08,None,1065743.17
Kalimantan Selatan,2024,Inpari 32,Padi-Padi-Palawija,293740.89,278635.19,1767.26,78.3,27.56,81437.43,72.37,4.46,None,1243669.2
Kalimantan Timur,2010,Ciherang,Padi-Padi-Palawija,440887.84,416270.77,2864.38,81.16,26.92,99962.55,64.41,5.13,None,2134195.53
Kalimantan Timur,2011,IR64,Padi-Palawija-Bero,361561.52,319738.99,3347.67,82.73,25.62,91801.33,50.5,5.74,Ringan,1834215.47
Kalimantan Timur,2012,IR64,Padi-Padi-Bero,169085.76,158273.74,3037.35,85.56,27.8,40165.39,44.86,5.75,Sedang,909658.05
Kalimantan Timur,2013,Inpari 32,Padi-Palawija-Bero,258795.56,228858.24,2038.1,87.77,28.12,84369.42,87.2,5.96,Berat,1363864.86
Kalimantan Timur,2014,Mekongga,Padi-Palawija-Bero,281390.47,266113.71,2091.05,83.34,24.47,98374.37,84.7,5.77,None,1534702.95
Kalimantan Timur,2015,Mekongga,Padi-Palawija-Bero,470106.99,448564.45,2685.65,70.11,26.33,147722.88,56.72,4.8,None,2150983.65
Kalimantan Timur,2016,IR64,Padi-Palawija-Bero,432130.55,390119.48,1034.25,71.6,25.56,87786.71,40.94,6.29,None,2454439.95
Kalimantan Timur,2017,Mekongga,Padi-Padi-Palawija,426703.83,397064.3,2408.49,82.49,28.32,135430.38,71.95,6.48,None,2571665.54
Kalimantan Timur,2018,Mekongga,Padi-Padi-Bero,368328.65,331716.77,1572.19,81.94,28.64,142111.47,58.8,5.32,Ringan,1764465.73
Kalimantan Timur,2019,Inpari 32,Padi-Palawija-Bero,491503.06,459278.23,3011.04,84.3,26.97,103544.75,65.01,5.69,None,2611899.57
Kalimantan Timur,2020,Ciherang,Padi-Palawija-Bero,466271.23,434617.78,1135.98,82.89,28.87,99763.45,70.51,5.87,None,2550982.92
Kalimantan Timur,2021,Mekongga,Padi-Padi-Palawija,141874.95,121374.66,2449.32,79.06,28.74,30094.65,77.7,4.06,Ringan,493074.3
Kalimantan Timur,2022,Mekongga,Padi-Palawija-Bero,358565.24,347208.66,2597.58,89.07,28.41,113629.31,85.86,5.61,Ringan,1946605.9
Kalimantan Timur,2023,Ciherang,Padi-Palawija-Bero,73395.21,62688.81,2058.34,71.69,27.03,27610.88,88.56,5.65,Ringan,354042.15
Kalimantan Timur,2024,Mekongga,Padi-Padi-Bero,448742.05,392902.81,2843.57,75.73,28.01,179248.92,41.65,6.24,None,2453055.19
Kalimantan Utara,2010,Mekongga,Padi-Padi-Palawija,259254.28,248925.7,1155.99,76.71,24.34,102423.23,84.93,6.13,None,1526255.23
Kalimantan Utara,2011,Mekongga,Padi-Padi-Bero,223518.92,192055.17,1526.98,74.59,26.35,56709.53,45.55,4.42,Ringan,848639.52
Kalimantan Utara,2012,Mekongga,Padi-Padi-Bero,391681.63,382206.45,2099.35,75.57,27.99,103893.86,56.47,4.58,Ringan,1750989.04
Kalimantan Utara,2013,Inpari 32,Padi-Padi-Palawija,209163.51,186013.77,3438.43,73.4,28.49,74328.48,44.21,6.47,Ringan,1202918.06
Kalimantan Utara,2014,IR64,Padi-Padi-Palawija,423191.41,398590.37,2543.05,73.12,26.39,150703.2,56.7,4.78,Ringan,1904952.87
Kalimantan Utara,2015,Inpari 32,Padi-Palawija-Bero,443932.53,402836.38,3460.59,77.91,27.58,113817.11,60.01,4.48,Sedang,1803423.96
Kalimantan Utara,2016,Ciherang,Padi-Padi-Palawija,496297.8,464706.57,1498.11,70.9,24.63,155098.54,82.08,6.35,Ringan,2951373.72
Kalimantan Utara,2017,Mekongga,Padi-Padi-Bero,261890.31,244942.64,2398.95,83.74,27.29,58506.91,83.98,4.31,None,1055232.85
Kalimantan Utara,2018,IR64,Padi-Palawija-Bero,281232.83,272072.72,3224.71,86.36,26.55,97657.53,68.21,6.17,Berat,1679781.13
Kalimantan Utara,2019,IR64,Padi-Padi-Palawija,469545.24,444381.53,1698.54,72.63,28.27,109432.43,86.98,5.23,Berat,2322743.39
Kalimantan Utara,2020,Mekongga,Padi-Palawija-Bero,321732.94,297590.04,2396.91,77.42,27.93,80613.31,91.64,6.23,Sedang,1855462.92
Kalimantan Utara,2021,Ciherang,Padi-Palawija-Bero,307950.44,275275.17,3471.3,70.5,25.26,93621.49,68.71,5.47,None,1506397.33
Kalimantan Utara,2022,Mekongga,Padi-Padi-Bero,320126.66,274334.74,1941.33,74.64,25.33,99516.97,50.97,4.73,Ringan,1298940.09
Kalimantan Utara,2023,Inpari 32,Padi-Padi-Palawija,475099.58,441506.43,3311.31,85.72,26.95,95631.39,82.49,5.76,None,2541408.52
Kalimantan Utara,2024,Ciherang,Padi-Palawija-Bero,280814.97,264395.95,3337.93,77.52,27.54,82879.05,77.09,5.91,Ringan,1561848.6
Sulawesi Utara,2010,Ciherang,Padi-Palawija-Bero,326808.11,316474.03,2274.64,80.03,24.25,67643.5,70.31,5.1,None,1612576.5
Sulawesi Utara,2011,Mekongga,Padi-Padi-Palawija,389180.33,341706.21,1840.02,79.31,27.87,149053.41,50.4,6.31,None,2154771.57
Sulawesi Utara,2012,Inpari 32,Padi-Padi-Palawija,226442.11,214576.56,1313.72,85.46,25.18,75966.49,71.12,6.32,Sedang,1356737.9
Sulawesi Utara,2013,Mekongga,Padi-Palawija-Bero,58619.97,56128.13,2311.84,85.5,25.17,15769.75,41.66,6.4,None,359429.42
Sulawesi Utara,2014,Mekongga,Padi-Padi-Palawija,169473.38,157523.86,2696.25,76.35,28.24,65998.41,88.67,5.85,Ringan,921147.15
Sulawesi Utara,2015,IR64,Padi-Padi-Bero,255028.62,239256.32,2357.55,76.94,26.18,91528.79,55.3,4.36,Sedang,1042113.96
Sulawesi Utara,2016,IR64,Padi-Palawija-Bero,90045.37,88147.26,2352.51,89.7,28.69,26163.83,50.92,4.41,Ringan,388924.39
Sulawesi Utara,2017,Inpari 32,Padi-Palawija-Bero,117712.52,114869.76,2116.79,80.03,25.23,34630.09,76.41,5.88,None,675197.86
Sulawesi Utara,2018,Mekongga,Padi-Padi-Palawija,456961.9,436975.77,2892.62,71.11,24.03,110808.44,76.49,5.03,Berat,2197111.41
Sulawesi Utara,2019,Ciherang,Padi-Padi-Palawija,453003.28,438594.51,1784.7,83.82,25.36,107870.03,50.15,4.86,Berat,2129494.34
Sulawesi Utara,2020,Inpari 32,Padi-Padi-Bero,128004.37,116888.0,1292.31,83.64,28.75,29110.48,80.36,5.58,None,652304.61
Sulawesi Utara,2021,IR64,Padi-Padi-Palawija,209809.24,179572.04,1544.77,70.3,26.91,46403.65,88.02,5.31,None,953142.79
Sulawesi Utara,2022,Inpari 32,Padi-Padi-Bero,302260.91,293962.55,1206.84,75.08,27.9,66421.06,44.16,4.9,Ringan,1441549.28
Sulawesi Utara,2023,IR64,Padi-Palawija-Bero,151823.86,146728.77,2958.75,83.99,27.08,56583.71,52.27,6.18,None,907190.52
Sulawesi Utara,2024,Ciherang,Padi-Padi-Bero,302565.06,266865.93,2058.87,85.87,24.16,107837.26,53.2,4.36,Ringan,1163741.75
Sulawesi Tengah,2010,Ciherang,Padi-Padi-Palawija,256068.05,225198.48,2534.93,75.06,26.89,69609.99,85.3,6.05,None,1362842.76
Sulawesi Tengah,2011,Ciherang,Padi-Palawija-Bero,412571.54,368287.48,1522.65,71.69,26.33,122297.1,86.25,4.55,Sedang,1676848.54
Sulawesi Tengah,2012,Inpari 32,Padi-Palawija-Bero,420630.62,378567.33,2147.81,76.07,28.66,94107.17,91.36,5.71,None,2161493.04
Sulawesi Tengah,2013,Mekongga,Padi-Palawija-Bero,264018.29,238410.43,1403.05,83.13,28.86,82489.28,79.31,4.17,Berat,994439.96
Sulawesi Tengah,2014,Ciherang,Padi-Padi-Bero,325758.13,316637.77,2654.44,71.54,25.77,101028.24,62.18,6.08,None,1926459.04
Sulawesi Tengah,2015,IR64,Padi-Palawija-Bero,218056.08,192585.76,1264.69,77.1,26.07,73084.67,76.2,4.18,Sedang,804097.61
Sulawesi Tengah,2016,Mekongga,Padi-Padi-Bero,63119.83,61096.36,1390.71,74.4,26.59,21588.43,45.27,4.79,None,292910.42
Sulawesi Tengah,2017,Inpari 32,Padi-Padi-Bero,190872.57,182998.08,1125.54,79.29,25.9,50260.06,55.71,4.23,Sedang,773795.53
Sulawesi Tengah,2018,Ciherang,Padi-Palawija-Bero,401433.74,362000.75,2109.76,87.87,27.29,80933.79,91.87,4.59,Ringan,1662619.17
Sulawesi Tengah,2019,Inpari 32,Padi-Palawija-Bero,275214.79,249451.98,1623.76,80.95,25.37,104668.75,51.84,6.21,None,1549318.3
Sulawesi Tengah,2020,Inpari 32,Padi-Palawija-Bero,370780.7,348745.34,1810.86,74.68,25.05,137722.16,85.12,5.1,Ringan,1779101.25
Sulawesi Tengah,2021,Mekongga,Padi-Padi-Bero,169667.8,166061.21,1064.42,82.07,27.3,57281.4,46.62,6.35,Ringan,1053878.31
Sulawesi Tengah,2022,Ciherang,Padi-Padi-Palawija,150204.24,133672.48,2366.15,78.34,24.8,35175.92,63.0,5.89,None,787759.64
Sulawesi Tengah,2023,Ciherang,Padi-Palawija-Bero,226896.76,195819.15,1041.48,83.23,27.01,52777.05,52.86,4.06,None,794882.66
Sulawesi Tengah,2024,Ciherang,Padi-Palawija-Bero,110956.79,97652.16,3171.02,88.53,26.1,23314.74,42.17,5.43,Sedang,530727.25
Sulawesi Selatan,2010,Mekongga,Padi-Palawija-Bero,312463.58,266053.15,2968.43,76.13,24.2,99260.44,61.87,6.43,None,1711919.28
Sulawesi Selatan,2011,Ciherang,Padi-Padi-Bero,369247.49,326892.57,3260.61,77.49,26.75,77584.3,63.44,6.08,None,1987803.93
Sulawesi Selatan,2012,Inpari 32,Padi-Palawija-Bero,151735.58,145097.1,3326.0,71.91,26.25,40587.88,87.89,4.21,Ringan,610686.47
Sulawesi Selatan,2013,Mekongga,Padi-Palawija-Bero,73082.23,66799.32,2105.27,76.69,25.97,22362.29,48.88,5.43,None,362719.64
Sulawesi Selatan,2014,Mekongga,Padi-Padi-Palawija,119254.96,103680.55,1670.44,77.22,26.04,40062.44,43.12,4.09,Sedang,423709.41
Sulawesi Selatan,2015,Mekongga,Padi-Palawija-Bero,137045.9,127918.04,1649.57,87.72,28.48,35557.58,52.65,5.03,Ringan,643205.16
Sulawesi Selatan,2016,Inpari 32,Padi-Padi-Bero,421729.11,395371.87,3060.88,77.94,24.78,146588.9,59.83,5.68,Ringan,2244991.5
Sulawesi Selatan,2017,Ciherang,Padi-Padi-Palawija,496661.81,432247.85,3471.05,89.55,27.97,164834.4,71.78,6.17,Ringan,2664917.72
Sulawesi Selatan,2018,Mekongga,Padi-Palawija-Bero,245462.67,222889.3,2546.93,83.31,26.5,80750.41,41.29,5.07,Ringan,1130953.05
Sulawesi Selatan,2019,Mekongga,Padi-Padi-Palawija,94795.93,88009.96,2309.0,75.07,26.35,28291.51,50.73,5.63,None,495516.56
Sulawesi Selatan,2020,Inpari 32,Padi-Padi-Palawija,321111.42,294302.8,1152.52,75.76,24.47,126121.21,47.43,4.38,None,1288881.02
Sulawesi Selatan,2021,IR64,Padi-Padi-Bero,394623.07,335706.89,1003.37,77.56,24.72,80375.73,65.52,6.36,Sedang,2134308.47
Sulawesi Selatan,2022,Ciherang,Padi-Padi-Palawija,343505.91,303192.2,2626.06,74.25,24.61,116887.04,46.24,6.49,Ringan,1968406.53
Sulawesi Selatan,2023,IR64,Padi-Padi-Palawija,235118.56,203713.83,1069.61,82.45,28.03,86618.41,66.55,5.94,None,1210801.38
Sulawesi Selatan,2024,Inpari 32,Padi-Padi-Bero,183169.41,171501.01,3413.26,71.01,28.45,57767.28,71.02,5.25,Ringan,900499.7
Sulawesi Tenggara,2010,IR64,Padi-Padi-Bero,320410.4,286550.91,3293.17,78.13,24.72,109882.75,56.13,5.31,None,1522638.63
Sulawesi Tenggara,2011,Mekongga,Padi-Padi-Palawija,188548.87,180795.56,2536.21,81.62,25.27,66230.97,44.49,6.31,Sedang,1140949.71
Sulawesi Tenggara,2012,Inpari 32,Padi-Palawija-Bero,249064.94,213080.31,2711.57,88.05,28.19,56157.64,46.94,6.03,None,1285638.41
Sulawesi Tenggara,2013,IR64,Padi-Palawija-Bero,274537.0,244715.16,3235.66,82.9,25.44,71312.79,89.02,4.03,Sedang,987201.79
Sulawesi Tenggara,2014,Inpari 32,Padi-Padi-Bero,116697.86,100590.38,3038.19,87.89,28.12,44316.9,70.42,6.03,Sedang,606624.93
Sulawesi Tenggara,2015,Inpari 32,Padi-Padi-Palawija,494975.99,435254.47,1974.75,79.6,24.69,107017.63,85.63,6.44,Berat,2803903.14
Sulawesi Tenggara,2016,IR64,Padi-Palawija-Bero,79615.29,76898.13,2159.54,76.4,26.38,20991.43,66.9,6.15,None,472838.23
Sulawesi Tenggara,2017,Mekongga,Padi-Padi-Bero,214101.8,202541.54,2666.54,72.39,26.86,53814.21,84.23,5.06,None,1025841.36
Sulawesi Tenggara,2018,Inpari 32,Padi-Palawija-Bero,401156.54,376116.84,2918.75,76.15,26.46,144136.23,52.79,4.57,None,1717004.58
Sulawesi Tenggara,2019,Inpari 32,Padi-Padi-Palawija,265320.98,245719.94,2353.44,71.72,24.29,58661.59,72.21,5.36,Ringan,1317270.74
Sulawesi Tenggara,2020,Mekongga,Padi-Padi-Palawija,419030.38,358440.79,2245.32,83.79,25.26,109599.15,73.75,6.24,None,2238404.75
Sulawesi Tenggara,2021,Ciherang,Padi-Padi-Bero,452135.86,388702.56,3269.34,89.93,27.5,160096.54,58.55,6.35,None,2469793.55
Sulawesi Tenggara,2022,Ciherang,Padi-Palawija-Bero,488830.99,468454.84,1757.54,89.33,27.14,188751.57,77.19,4.77,Sedang,2233638.28
Sulawesi Tenggara,2023,IR64,Padi-Padi-Bero,405506.68,361443.4,2449.33,76.91,28.08,118953.61,44.22,4.42,Ringan,1595820.08
Sulawesi Tenggara,2024,Inpari 32,Padi-Padi-Palawija,97851.78,84625.96,3352.62,87.45,26.26,38862.92,40.01,5.53,None,468400.34
Gorontalo,2010,Inpari 32,Padi-Palawija-Bero,77650.83,74217.42,3351.26,82.98,28.77,17881.94,66.26,5.5,None,408531.06
Gorontalo,2011,Ciherang,Padi-Padi-Bero,202137.98,175149.96,1979.36,73.25,27.67,48870.13,43.22,5.38,None,942467.11
Gorontalo,2012,IR64,Padi-Palawija-Bero,309641.73,277102.25,3007.53,80.81,24.4,96970.53,89.94,4.99,Ringan,1382956.82
Gorontalo,2013,Mekongga,Padi-Padi-Palawija,118150.48,107075.09,2489.2,71.61,28.7,41473.98,72.26,6.07,Ringan,650063.24
Gorontalo,2014,Inpari 32,Padi-Padi-Palawija,333541.91,319441.38,2958.67,75.54,28.7,75003.29,88.13,6.43,Ringan,2053161.77
Gorontalo,2015,Inpari 32,Padi-Padi-Bero,261283.4,236447.18,3489.09,70.21,28.48,60050.28,83.23,5.54,Sedang,1311059.16
Gorontalo,2016,Inpari 32,Padi-Padi-Palawija,55808.25,49081.67,2417.23,77.03,27.05,11430.76,46.41,4.32,Ringan,211921.93
Gorontalo,2017,IR64,Padi-Palawija-Bero,147349.75,133725.06,1120.91,86.41,28.13,46798.29,59.42,6.0,None,802277.96
Gorontalo,2018,Ciherang,Padi-Padi-Palawija,334156.46,318107.83,2496.41,78.28,28.79,102994.63,73.28,4.55,None,1447778.42
Gorontalo,2019,Mekongga,Padi-Palawija-Bero,133177.28,114232.32,2510.9,85.27,26.62,32675.65,76.66,4.2,Berat,479805.94
Gorontalo,2020,IR64,Padi-Palawija-Bero,133006.57,116553.42,1966.77,71.02,25.99,40213.41,66.58,4.96,None,577750.68
Gorontalo,2021,Mekongga,Padi-Palawija-Bero,277563.53,238167.66,1177.89,81.48,26.83,104254.72,70.68,6.4,Ringan,1524148.6
Gorontalo,2022,IR64,Padi-Padi-Bero,69829.64,61037.11,2353.18,82.91,24.23,27177.29,86.32,4.74,Ringan,289409.35
Gorontalo,2023,Ciherang,Padi-Palawija-Bero,107124.99,92773.12,2296.4,74.92,25.79,42625.15,77.64,6.37,Ringan,591192.22
Gorontalo,2024,Ciherang,Padi-Padi-Palawija,299629.31,257674.78,1010.47,83.41,27.21,84542.74,66.93,5.04,Ringan,1298322.08
Sulawesi Barat,2010,Inpari 32,Padi-Palawija-Bero,494842.99,423281.6,3419.51,81.0,28.82,110325.6,66.97,4.42,Ringan,1872496.29
Sulawesi Barat,2011,Mekongga,Padi-Padi-Bero,143502.54,132940.84,1280.91,76.64,27.91,41244.11,74.53,5.62,None,746947.37
Sulawesi Barat,2012,IR64,Padi-Palawija-Bero,359283.0,350304.54,2825.61,79.8,27.15,125007.7,73.68,4.04,Ringan,1415822.2
Sulawesi Barat,2013,IR64,Padi-Padi-Palawija,172692.79,163212.49,1930.3,80.44,24.34,40797.83,92.65,6.23,None,1016054.07
Sulawesi Barat,2014,Ciherang,Padi-Padi-Palawija,231232.77,212167.51,3491.32,72.7,27.38,64560.23,47.32,4.4,None,932867.02
Sulawesi Barat,2015,Mekongga,Padi-Palawija-Bero,458168.88,448501.18,1520.79,77.11,27.35,135966.43,63.01,4.89,None,2195201.64
Sulawesi Barat,2016,IR64,Padi-Palawija-Bero,122656.03,111779.65,2383.68,81.41,25.05,42740.02,41.39,4.89,None,546276.04
Sulawesi Barat,2017,Ciherang,Padi-Padi-Bero,167523.09,157529.32,2418.48,85.92,27.68,53946.05,66.85,4.33,Ringan,682567.51
Sulawesi Barat,2018,Mekongga,Padi-Palawija-Bero,362307.84,316569.24,1797.61,78.31,28.54,90039.17,45.02,4.8,Ringan,1518495.29
Sulawesi Barat,2019,Ciherang,Padi-Padi-Palawija,308232.77,264438.21,1077.33,84.29,25.81,69375.51,53.95,5.61,Ringan,1482233.36
Sulawesi Barat,2020,Inpari 32,Padi-Palawija-Bero,309702.69,299106.4,2492.36,86.2,26.15,108387.26,90.22,5.43,Ringan,1624239.67
Sulawesi Barat,2021,Ciherang,Padi-Padi-Palawija,223129.66,202307.06,2485.12,81.79,24.34,81734.21,49.75,5.81,None,1174934.48
Sulawesi Barat,2022,Mekongga,Padi-Padi-Bero,177477.98,160092.36,3029.67,70.28,27.25,59237.77,83.93,6.33,Ringan,1013685.97
Sulawesi Barat,2023,IR64,Padi-Palawija-Bero,448777.08,408210.96,2411.48,83.26,27.4,173384.16,94.83,5.8,Ringan,2367784.27
Sulawesi Barat,2024,Inpari 32,Padi-Padi-Bero,72149.41,63494.4,3243.46,75.12,25.1,16423.01,87.25,5.25,None,333354.87
Maluku,2010,Mekongga,Padi-Palawija-Bero,392002.5,349132.22,2026.71,74.19,28.88,129016.06,91.4,4.76,None,1661333.04
Maluku,2011,Inpari 32,Padi-Palawija-Bero,361245.04,352406.48,1983.89,72.61,27.36,124940.92,71.63,4.52,None,1591835.86
Maluku,2012,IR64,Padi-Palawija-Bero,242359.94,226334.71,2863.04,74.64,26.03,61518.78,50.92,5.96,None,1348608.16
Maluku,2013,IR64,Padi-Palawija-Bero,388075.52,375117.44,3115.31,73.66,28.78,106850.88,58.66,4.16,None,1559017.45
Maluku,2014,IR64,Padi-Padi-Palawija,161842.92,144234.82,3022.07,87.51,25.51,60163.43,87.15,5.91,Ringan,852662.52
Maluku,2015,Inpari 32,Padi-Padi-Bero,475260.83,446141.72,1829.04,80.01,27.23,143582.99,46.6,4.78,None,2132628.87
Maluku,2016,Ciherang,Padi-Padi-Bero,111785.01,108857.4,1822.06,83.25,27.76,40509.69,92.02,4.78,None,520588.6
Maluku,2017,Inpari 32,Padi-Palawija-Bero,367268.41,347603.79,2694.31,75.05,28.37,85856.96,42.95,5.79,None,2013899.06
Maluku,2018,Ciherang,Padi-Palawija-Bero,222528.71,194017.49,3091.11,80.98,24.95,76566.97,68.11,5.51,None,1069188.2
Maluku,2019,Inpari 32,Padi-Padi-Palawija,369224.97,318900.41,3097.13,83.42,27.49,100649.46,88.36,5.81,Ringan,1853904.9
Maluku,2020,IR64,Padi-Padi-Bero,448871.16,384294.57,3403.54,83.58,27.16,114063.48,53.68,6.36,Ringan,2442247.92
Maluku,2021,Ciherang,Padi-Palawija-Bero,112664.33,95921.62,2360.64,89.52,25.85,30581.43,58.93,5.3,Berat,508515.01
Maluku,2022,Ciherang,Padi-Padi-Bero,277484.36,254178.03,1345.93,89.65,25.25,59568.35,76.47,5.49,Berat,1395034.77
Maluku,2023,Inpari 32,Padi-Padi-Palawija,403278.76,353047.43,3050.63,82.97,26.09,117598.4,54.12,5.88,None,2076019.79
Maluku,2024,Ciherang,Padi-Palawija-Bero,318222.55,311681.64,2088.16,88.41,25.73,67127.95,51.23,5.05,Ringan,1572975.53
Maluku Utara,2010,IR64,Padi-Padi-Bero,461750.69,443144.14,2855.73,73.36,24.6,98593.45,79.82,6.32,Berat,2801566.04
Maluku Utara,2011,Inpari 32,Padi-Padi-Bero,206974.36,186013.49,2553.33,84.37,24.55,42868.12,94.69,4.58,Ringan,852280.51
Maluku Utara,2012,Inpari 32,Padi-Padi-Palawija,226314.9,215975.08,1853.11,78.88,27.38,68297.04,87.38,6.17,Ringan,1331505.63
Maluku Utara,2013,Mekongga,Padi-Padi-Bero,257330.12,251810.2,2208.08,89.74,27.77,64260.73,69.61,6.48,None,1631815.49
Maluku Utara,2014,Ciherang,Padi-Padi-Palawija,367867.4,329213.86,1017.46,78.07,25.17,133820.54,58.55,6.07,Ringan,1997936.11
Maluku Utara,2015,IR64,Padi-Padi-Palawija,158524.35,139559.09,1170.47,73.74,26.78,40942.43,62.96,4.94,None,689724.35
Maluku Utara,2016,Inpari 32,Padi-Padi-Palawija,271830.64,242723.09,1267.0,89.07,24.3,70548.22,56.39,4.8,Ringan,1165314.32
Maluku Utara,2017,Ciherang,Padi-Palawija-Bero,373069.71,330863.97,1815.71,70.42,27.8,77802.91,87.56,4.3,Ringan,1421607.2
Maluku Utara,2018,Mekongga,Padi-Palawija-Bero,382046.19,331642.94,2100.18,79.66,25.06,85238.96,86.0,5.26,Ringan,1743169.74
Maluku Utara,2019,Inpari 32,Padi-Padi-Bero,491357.21,456358.04,2259.27,87.57,28.76,172420.87,64.5,5.48,None,2501094.64
Maluku Utara,2020,Ciherang,Padi-Palawija-Bero,251240.46,240657.4,2636.81,78.22,27.32,56188.54,62.08,5.98,Ringan,1439810.25
Maluku Utara,2021,Inpari 32,Padi-Palawija-Bero,477868.4,419227.59,1652.3,89.39,27.67,162436.69,86.91,4.29,None,1798300.92
Maluku Utara,2022,Ciherang,Padi-Palawija-Bero,423117.79,387600.61,2550.6,79.55,26.39,149611.91,74.57,5.58,None,2164035.47
Maluku Utara,2023,Inpari 32,Padi-Padi-Palawija,385572.95,369136.87,2741.4,88.48,28.1,120442.49,76.93,6.32,None,2331383.82
Maluku Utara,2024,IR64,Padi-Palawija-Bero,359964.73,331798.11,1604.6,78.52,28.84,119347.41,71.04,6.33,None,2101075.54
Papua Barat,2010,IR64,Padi-Padi-Palawija,391689.88,369225.11,1482.9,79.43,26.36,107967.32,68.45,5.03,Ringan,1858224.51
Papua Barat,2011,Ciherang,Padi-Padi-Bero,82524.63,76323.08,3134.14,84.51,25.8,17942.03,51.12,5.36,Ringan,409376.07
Papua Barat,2012,Inpari 32,Padi-Palawija-Bero,154219.56,148106.31,1993.18,74.91,28.06,41418.41,46.13,5.43,None,803628.37
Papua Barat,2013,Inpari 32,Padi-Padi-Bero,158098.74,143504.69,1705.92,71.62,28.38,54666.43,56.58,5.5,Ringan,789050.87
Papua Barat,2014,Mekongga,Padi-Palawija-Bero,101707.85,86502.41,2255.02,81.66,26.89,21450.43,57.27,5.25,Ringan,453964.43
Papua Barat,2015,IR64,Padi-Padi-Bero,89199.18,81470.96,2728.54,75.24,27.12,32635.93,50.47,6.29,None,512700.95
Papua Barat,2016,IR64,Padi-Padi-Bero,243886.22,217201.4,2812.78,85.93,28.16,96860.3,83.52,5.5,Sedang,1195359.25
Papua Barat,2017,Mekongga,Padi-Padi-Bero,385171.28,349725.6,1050.06,71.25,25.94,121977.7,65.53,5.55,None,1940281.38
Papua Barat,2018,Inpari 32,Padi-Padi-Palawija,148606.73,128495.72,2491.08,79.69,24.13,41029.78,45.84,5.33,Sedang,684675.59
Papua Barat,2019,IR64,Padi-Padi-Palawija,412521.0,366713.4,3405.26,80.71,27.09,138662.53,76.67,5.28,Berat,1935303.15
Papua Barat,2020,IR64,Padi-Padi-Palawija,59938.63,53737.08,1834.15,77.75,24.69,20836.69,87.13,6.35,None,341057.76
Papua Barat,2021,Inpari 32,Padi-Padi-Palawija,434998.01,393402.56,1773.53,88.73,26.58,130260.49,49.81,4.27,None,1679981.38
Papua Barat,2022,Mekongga,Padi-Palawija-Bero,196621.06,172028.82,2388.74,81.68,25.03,72805.07,44.63,4.89,None,841260.98
Papua Barat,2023,IR64,Padi-Padi-Palawija,124474.9,117237.75,2338.37,82.71,24.98,30166.39,42.28,4.81,None,563347.16
Papua Barat,2024,Ciherang,Padi-Palawija-Bero,350117.35,317416.92,3382.8,84.38,28.65,106967.01,54.24,4.13,None,1311587.91
Papua,2010,Inpari 32,Padi-Padi-Bero,186248.81,171203.86,2411.04,82.01,24.83,51394.89,73.95,6.42,None,1099907.25
Papua,2011,IR64,Padi-Padi-Palawija,374509.56,327280.91,1820.96,79.74,24.12,93538.93,62.43,4.7,Ringan,1537922.72
Papua,2012,Inpari 32,Padi-Palawija-Bero,415916.44,367450.64,2936.05,77.71,26.53,154388.27,81.25,6.01,Ringan,2209404.34
Papua,2013,Inpari 32,Padi-Padi-Bero,452032.13,407018.07,1719.7,84.49,28.18,168381.03,57.38,6.13,Ringan,2495236.89
Papua,2014,Inpari 32,Padi-Padi-Bero,330583.64,283708.14,1811.52,83.46,25.69,77991.28,55.47,5.14,None,1459377.19
Papua,2015,Ciherang,Padi-Padi-Palawija,255568.01,245329.13,1285.59,75.11,28.14,70434.24,93.96,5.17,None,1267280.29
Papua,2016,Ciherang,Padi-Padi-Palawija,222297.42,209733.13,2368.79,88.88,25.25,48930.45,61.63,5.54,None,1162295.23
Papua,2017,Ciherang,Padi-Palawija-Bero,344204.04,308243.61,2543.05,87.7,25.16,96669.13,94.63,6.17,None,1902292.3
Papua,2018,Inpari 32,Padi-Padi-Bero,178070.17,163332.59,3120.45,83.7,25.45,42788.98,54.59,4.42,Ringan,722648.39
Papua,2019,Mekongga,Padi-Padi-Palawija,100984.82,88093.97,2368.31,73.29,24.32,26607.26,52.12,5.29,Ringan,465864.09
Papua,2020,IR64,Padi-Padi-Palawija,57212.67,55798.32,1942.47,82.06,24.4,19259.09,91.29,5.44,Ringan,303496.17
Papua,2021,Mekongga,Padi-Palawija-Bero,394856.25,356489.7,3199.59,82.97,28.5,128210.24,47.22,4.77,Ringan,1701963.58
Papua,2022,Ciherang,Padi-Padi-Bero,392180.03,367838.12,1752.42,73.68,27.78,115627.06,52.42,5.54,Ringan,2038395.14
Papua,2023,Ciherang,Padi-Padi-Palawija,260850.65,226740.4,3461.64,74.18,24.65,62788.57,82.3,5.06,None,1148159.93
Papua,2024,Ciherang,Padi-Padi-Palawija,65494.09,59465.84,3041.64,87.7,24.43,20150.74,90.23,4.97,None,295541.16
